FileName,Sequence,Class
proteinSequenceFile1.csv,PGGGKV3KPV,-
proteinSequenceFile1.csv,NLKHQPGGGKVQIVYKPVDLSKVTSKCGSLGNIHHKPGGGQVE,
proteinSequenceFile1.csv,PG33GKVQIVEKPV,-
proteinSequenceFile1.csv,KDRVQSKIGSLDNITHVPGGGN,
proteinSequenceFile1.csv,QTAPVPMPDLKNVKSKIGSTE,
proteinSequenceFile1.csv,KPVDLSKVTSKCGSLGNIHHKPGGGQVEVKSEKLDF,
proteinSequenceFile1.csv,PGGGKN8EVYKPV,-
proteinSequenceFile1.csv,QTAPVPMPDLKNVKSKIGS67ENLKHQPGGGKVQIVY,-
proteinSequenceFile1.csv,PGGG5VQIVYKPV,+
proteinSequenceFile2.csv,QTAPVPMPDLKNVKSKIGSTE,
proteinSequenceFile2.csv,PGGGKN8EVYKPV,-
proteinSequenceFile2.csv,PGGG5VQIVYKPV,+
proteinSequenceFile2.csv,QTAPVPMPDLKNVKSKIGS67ENLKHQPGGGKVQIVY,-
proteinSequenceFile2.csv,PG33GKVQIVEKPV,-
proteinSequenceFile2.csv,NLKHQPGGGKVQIVYKPVDLSKVTSKCGSLGNIHHKPGGGQVE,
proteinSequenceFile2.csv,KDRVQSKIGSLDNITHVPGGGN,
proteinSequenceFile2.csv,PGGGKV3KPV,-
proteinSequenceFile2.csv,KPVDLSKVTSKCGSLGNIHHKPGGGQVEVKSEKLDF,
